filepath,source_folder,label,class_name,logistic_grayscale_baseline_probability,logistic_grayscale_baseline_prediction,custom_potatocnn_probability,custom_potatocnn_prediction,mobilenetv2_transfer_probability,mobilenetv2_transfer_prediction
/content/PlantDoc-Dataset/train/Potato leaf early blight/00009.jpg,train/Potato leaf early blight,0,Early Blight,0.00033384384033491494,0,1.6394582e-11,0,0.7425402,1
/content/PlantDoc-Dataset/train/Potato leaf early blight/0042241.jpg,train/Potato leaf early blight,0,Early Blight,0.9999790176195594,1,1.0701095e-14,0,0.1791981,0
/content/PlantDoc-Dataset/train/Potato leaf early blight/0061.jpg,train/Potato leaf early blight,0,Early Blight,0.8959578339054339,1,0.99971634,1,0.09930605,0
/content/PlantDoc-Dataset/train/Potato leaf early blight/1024_x_576_-_alternaria_early_infection_symptoms_spreading.jpg,train/Potato leaf early blight,0,Early Blight,1.525546696816509e-06,0,1.6677372e-05,0,0.2138131,0
/content/PlantDoc-Dataset/train/Potato leaf early blight/1024px-Phytophthora_infestans_potato_%27Dor%C3%A9%27%2C_aardappelziekte_Dor%C3%A9.jpg,train/Potato leaf early blight,0,Early Blight,3.770659106702341e-05,0,1.7156195e-05,0,0.2634392,0
/content/PlantDoc-Dataset/train/Potato leaf early blight/1200px-Late_blight_on_potato_leaf_2.jpg,train/Potato leaf early blight,0,Early Blight,0.9999999681533266,1,0.10637265,0,0.5679439,0
/content/PlantDoc-Dataset/train/Potato leaf early blight/1421_0.jpeg?itok=FMtmgePj.jpg,train/Potato leaf early blight,0,Early Blight,0.9998359638070867,1,0.00038756,0,0.81236374,1
/content/PlantDoc-Dataset/train/Potato leaf early blight/14321627273_58d893c3e2_potato-plant.jpg,train/Potato leaf early blight,0,Early Blight,0.1946543905674537,0,3.684195e-05,0,0.9492881,1
/content/PlantDoc-Dataset/train/Potato leaf early blight/1573852-Early-Blight-e1515624612559.jpg,train/Potato leaf early blight,0,Early Blight,0.9999999985228123,1,0.0017801082,0,0.08726951,0
/content/PlantDoc-Dataset/train/Potato leaf early blight/15hrt15a1f1.jpg,train/Potato leaf early blight,0,Early Blight,0.00016559931348050495,0,0.085597076,0,0.3423146,0
/content/PlantDoc-Dataset/train/Potato leaf early blight/18028_1.jpg,train/Potato leaf early blight,0,Early Blight,0.9327682048312563,1,1.2817516e-06,0,0.20537837,0
/content/PlantDoc-Dataset/train/Potato leaf early blight/20080710-early%2Bblight%2Blesions%2Bwith%2Byellow%2Bhaloes.jpg,train/Potato leaf early blight,0,Early Blight,0.013152916009798584,0,0.011254336,0,0.28799576,0
/content/PlantDoc-Dataset/train/Potato leaf early blight/20100816earlyblight.jpg,train/Potato leaf early blight,0,Early Blight,0.005048496442211355,0,4.2783146e-09,0,0.077794075,0
/content/PlantDoc-Dataset/train/Potato leaf early blight/21-late%20blight-early%20symptoms%20potato.jpg,train/Potato leaf early blight,0,Early Blight,0.9999707789709561,1,0.00021706684,0,0.07725211,0
/content/PlantDoc-Dataset/train/Potato leaf early blight/2643371-version%3D1.0%26t%3D1260361493000.jpg,train/Potato leaf early blight,0,Early Blight,0.692337495242295,0,0.044582,0,0.2690452,0
/content/PlantDoc-Dataset/train/Potato leaf early blight/27013702151_95bd415ba9_o.jpg,train/Potato leaf early blight,0,Early Blight,0.9997825642314304,1,0.9875064,1,0.49596235,0
/content/PlantDoc-Dataset/train/Potato leaf early blight/2D1A9552.jpg,train/Potato leaf early blight,0,Early Blight,0.9998013463003377,1,0.00061664707,0,0.9658354,1
/content/PlantDoc-Dataset/train/Potato leaf early blight/2OBH_29_Gardening_early_blight.jpg,train/Potato leaf early blight,0,Early Blight,3.0335053715997515e-05,0,1.924233e-06,0,0.034487817,0
/content/PlantDoc-Dataset/train/Potato leaf early blight/36-early-blight-concentric-rings.jpg,train/Potato leaf early blight,0,Early Blight,0.06176871837275903,0,0.0003192882,0,0.4440905,0
/content/PlantDoc-Dataset/train/Potato leaf early blight/3785483636_d888419c98_o.jpg,train/Potato leaf early blight,0,Early Blight,0.999999720594838,1,0.12444774,0,0.5346755,0
/content/PlantDoc-Dataset/train/Potato leaf early blight/45035_1.jpg,train/Potato leaf early blight,0,Early Blight,0.9999976689418282,1,0.15510438,0,0.18507937,0
/content/PlantDoc-Dataset/train/Potato leaf early blight/500px-Tomato_Early_Blight_Leaf.jpg,train/Potato leaf early blight,0,Early Blight,3.052016735514293e-05,0,1.6076592e-07,0,0.40241283,0
/content/PlantDoc-Dataset/train/Potato leaf early blight/5688742112_147f33b89d_Phytophthora-Infestans.jpg,train/Potato leaf early blight,0,Early Blight,0.21038532479918573,0,2.7425082e-07,0,0.38535854,0
/content/PlantDoc-Dataset/train/Potato leaf early blight/5816740026_d42ef24413_Phytophthora-Infestans.jpg,train/Potato leaf early blight,0,Early Blight,0.02285516742158392,0,1.5341328e-07,0,0.7443361,1
/content/PlantDoc-Dataset/train/Potato leaf early blight/80109626.jpg,train/Potato leaf early blight,0,Early Blight,8.714419789121037e-05,0,7.993518e-05,0,0.4231561,0
/content/PlantDoc-Dataset/train/Potato leaf early blight/87A_Pot_Early.jpg,train/Potato leaf early blight,0,Early Blight,0.9999999999979894,1,2.5057992e-05,0,0.035259902,0
/content/PlantDoc-Dataset/train/Potato leaf early blight/AF_news_p4_p5_p6_Blight.jpg,train/Potato leaf early blight,0,Early Blight,0.8391900126328362,1,9.197111e-06,0,0.29615012,0
/content/PlantDoc-Dataset/train/Potato leaf early blight/AGS-154646-S-5801.jpg,train/Potato leaf early blight,0,Early Blight,0.9999997849262258,1,4.1641215e-09,0,0.77607733,1
/content/PlantDoc-Dataset/train/Potato leaf early blight/B2650214-Potato_leaf_blight-SPL.jpg,train/Potato leaf early blight,0,Early Blight,0.7755456377870175,1,0.05128373,0,0.74752754,1
/content/PlantDoc-Dataset/train/Potato leaf early blight/Blght.jpg,train/Potato leaf early blight,0,Early Blight,8.762559647978367e-05,0,3.405492e-07,0,0.90837336,1
/content/PlantDoc-Dataset/train/Potato leaf early blight/Blight-leaf-.jpg,train/Potato leaf early blight,0,Early Blight,0.9272631799809512,1,6.4073996e-05,0,0.050576083,0
/content/PlantDoc-Dataset/train/Potato leaf early blight/Close-up-view-of-blight-lesion-on-leaf-of-potato-c-Blackthorn-Arable-615x346.jpg,train/Potato leaf early blight,0,Early Blight,0.9999999996037905,1,0.3064517,0,0.9815325,1
/content/PlantDoc-Dataset/train/Potato leaf early blight/EB%20lesions1_opt.jpeg.jpg,train/Potato leaf early blight,0,Early Blight,0.9491750944714548,1,0.0007107242,0,0.13674425,0
/content/PlantDoc-Dataset/train/Potato leaf early blight/Early%20Blight%20-%20Potatoes.ashx?w=350.jpg,train/Potato leaf early blight,0,Early Blight,0.9468938630156247,1,2.9110034e-09,0,0.52005947,0
/content/PlantDoc-Dataset/train/Potato leaf early blight/Early-Blight-Leaves-56a348bf3df78cf7727cb35e.jpg,train/Potato leaf early blight,0,Early Blight,0.9998921543782773,1,6.925359e-05,0,0.14114618,0
/content/PlantDoc-Dataset/train/Potato leaf early blight/Early-Blight-UK-A.jpg,train/Potato leaf early blight,0,Early Blight,0.9999979844703965,1,2.2918393e-06,0,0.8441504,1
/content/PlantDoc-Dataset/train/Potato leaf early blight/Early_Blight_of_Tomato177.jpg,train/Potato leaf early blight,0,Early Blight,0.34038298810658774,0,0.66227925,1,0.05145984,0
/content/PlantDoc-Dataset/train/Potato leaf early blight/Early_blight_on_tomato_leaves_7871930010-Fairfax.jpg,train/Potato leaf early blight,0,Early Blight,0.999796620655865,1,0.084772594,0,0.30629516,0
/content/PlantDoc-Dataset/train/Potato leaf early blight/IMG_0014.jpg,train/Potato leaf early blight,0,Early Blight,0.9999999971667812,1,0.27557757,0,0.5024797,0
/content/PlantDoc-Dataset/train/Potato leaf early blight/IMG_0020.jpg,train/Potato leaf early blight,0,Early Blight,0.9999299894910925,1,0.40758657,1,0.8290194,1
/content/PlantDoc-Dataset/train/Potato leaf early blight/IMG_0022.jpg,train/Potato leaf early blight,0,Early Blight,0.9919812802588951,1,0.0008410032,0,0.758677,1
/content/PlantDoc-Dataset/train/Potato leaf early blight/IMG_9055.JPG.jpg,train/Potato leaf early blight,0,Early Blight,4.006384830863167e-05,0,0.12545207,0,0.04328214,0
/content/PlantDoc-Dataset/train/Potato leaf early blight/Leaves-with-early-blight-need-to-be-removed-225x300.jpg,train/Potato leaf early blight,0,Early Blight,0.3068866484697938,0,9.23978e-08,0,0.030943742,0
/content/PlantDoc-Dataset/train/Potato leaf early blight/PHYTIN23.img.jpg,train/Potato leaf early blight,0,Early Blight,0.7456564971671427,1,1.1078196e-08,0,0.91985714,1
/content/PlantDoc-Dataset/train/Potato leaf early blight/Potato-Blight-Infecting-Leaves.jpg,train/Potato leaf early blight,0,Early Blight,0.9992080815114307,1,3.6601787e-07,0,0.22136839,0
/content/PlantDoc-Dataset/train/Potato leaf early blight/Potato-Blight-on-Leaves.jpg,train/Potato leaf early blight,0,Early Blight,0.9999935726401119,1,0.0016597188,0,0.34407744,0
/content/PlantDoc-Dataset/train/Potato leaf early blight/Potato-blight-leaves-B.jpg,train/Potato leaf early blight,0,Early Blight,0.6143942778331745,0,1.5522818e-07,0,0.2530017,0
/content/PlantDoc-Dataset/train/Potato leaf early blight/Potato-blight-on-leaf.jpg,train/Potato leaf early blight,0,Early Blight,0.5935251039303052,0,4.528826e-06,0,0.93924946,1
/content/PlantDoc-Dataset/train/Potato leaf early blight/Potato-earlyblight2.jpg,train/Potato leaf early blight,0,Early Blight,0.9999999998157936,1,1.0974215e-09,0,0.29424414,0
/content/PlantDoc-Dataset/train/Potato leaf early blight/Potato_Blight_Leaf.jpg,train/Potato leaf early blight,0,Early Blight,0.9999999993575743,1,0.11184894,0,0.29076093,0
/content/PlantDoc-Dataset/train/Potato leaf early blight/Potato_Early_Blight_%26_Late_Blight.jpg,train/Potato leaf early blight,0,Early Blight,1.1785478818369343e-05,0,0.0009980334,0,0.54362416,0
/content/PlantDoc-Dataset/train/Potato leaf early blight/a_solani.jpg,train/Potato leaf early blight,0,Early Blight,0.9976937532034172,1,0.0009287431,0,0.06344896,0
/content/PlantDoc-Dataset/train/Potato leaf early blight/agriculture-potato-early-blight-leaf-symptoms-on-a-potato-leaf-caused-picture-id586884353.jpg,train/Potato leaf early blight,0,Early Blight,0.999344112514107,1,0.00012201601,0,0.60285467,0
/content/PlantDoc-Dataset/train/Potato leaf early blight/alternaria%20%2824%29.JPG.jpg,train/Potato leaf early blight,0,Early Blight,4.6470784341178006e-08,0,1.5495767e-09,0,0.13406716,0
/content/PlantDoc-Dataset/train/Potato leaf early blight/backus-045-potato-blight.jpg,train/Potato leaf early blight,0,Early Blight,0.996208669586134,1,5.707722e-10,0,0.21542619,0
/content/PlantDoc-Dataset/train/Potato leaf early blight/blight-2x.jpg,train/Potato leaf early blight,0,Early Blight,0.9999987532642243,1,0.019958124,0,0.17012025,0
/content/PlantDoc-Dataset/train/Potato leaf early blight/blight-leaf-top.jpg,train/Potato leaf early blight,0,Early Blight,0.9999534857520107,1,0.9999937,1,0.9319439,1
/content/PlantDoc-Dataset/train/Potato leaf early blight/blighted-potatoe-leave.jpg,train/Potato leaf early blight,0,Early Blight,0.9507610352746652,1,0.0023104963,0,0.48215234,0
/content/PlantDoc-Dataset/train/Potato leaf early blight/cq5dam.web.16-9.8.jpg,train/Potato leaf early blight,0,Early Blight,0.0010834955346466092,0,6.065608e-07,0,0.20566183,0
/content/PlantDoc-Dataset/train/Potato leaf early blight/early%20blight.tom_.jpg,train/Potato leaf early blight,0,Early Blight,0.857558611162615,1,1.2228846e-05,0,0.15250324,0
/content/PlantDoc-Dataset/train/Potato leaf early blight/early-blight-2.jpg,train/Potato leaf early blight,0,Early Blight,0.9999990306729701,1,2.7249154e-05,0,0.03184942,0
/content/PlantDoc-Dataset/train/Potato leaf early blight/early-blight-alternaria-alternata-leaf-spotting-on-potato-leaf-ACG5WF.jpg,train/Potato leaf early blight,0,Early Blight,0.005797239252340824,0,0.016064737,0,0.079392545,0
/content/PlantDoc-Dataset/train/Potato leaf early blight/early-blight-closeup-NCSU.jpg,train/Potato leaf early blight,0,Early Blight,0.0003724807153870513,0,0.03756913,0,0.045208544,0
/content/PlantDoc-Dataset/train/Potato leaf early blight/early-blight-cmyk-opt.jpeg.jpg,train/Potato leaf early blight,0,Early Blight,0.0003069323331123086,0,7.680434e-05,0,0.7142035,1
/content/PlantDoc-Dataset/train/Potato leaf early blight/early-blight-courtesy-Melanson-MS-State-U-Ext-Bugwood.jpg,train/Potato leaf early blight,0,Early Blight,0.9999999988552426,1,1.4328085e-11,0,0.11310567,0
/content/PlantDoc-Dataset/train/Potato leaf early blight/early-blight-or-target-spot-alternaria-solani-lesions-on-a-tomato-by9j8r.jpg,train/Potato leaf early blight,0,Early Blight,0.9999999999841218,1,7.003201e-11,0,0.23185663,0
/content/PlantDoc-Dataset/train/Potato leaf early blight/early-blight-or-targfet-spot-alternaria-solani-lesions-on-a-tomato-ACG8W6.jpg,train/Potato leaf early blight,0,Early Blight,0.947013163576534,1,0.0007850029,0,0.9929431,1
/content/PlantDoc-Dataset/train/Potato leaf early blight/early-blight-potatoes.jpg,train/Potato leaf early blight,0,Early Blight,0.9999988738341857,1,7.763093e-12,0,0.018985415,0
/content/PlantDoc-Dataset/train/Potato leaf early blight/early-blight-septoria-ls-fig-1.jpg,train/Potato leaf early blight,0,Early Blight,0.999949675651579,1,0.99607277,1,0.11250547,0
/content/PlantDoc-Dataset/train/Potato leaf early blight/early_blight1.jpg,train/Potato leaf early blight,0,Early Blight,0.4997457063452131,0,0.0056959903,0,0.08571875,0
/content/PlantDoc-Dataset/train/Potato leaf early blight/earlyblight21.jpg,train/Potato leaf early blight,0,Early Blight,0.00012505652554898494,0,8.4313746e-05,0,0.09382095,0
/content/PlantDoc-Dataset/train/Potato leaf early blight/eb2.jpg,train/Potato leaf early blight,0,Early Blight,0.2453208469671022,0,0.0011706126,0,0.035445202,0
/content/PlantDoc-Dataset/train/Potato leaf early blight/f1078eef6945e3430829706f84bf70c0.jpg,train/Potato leaf early blight,0,Early Blight,0.9999251988390269,1,0.055265285,0,0.99792284,1
/content/PlantDoc-Dataset/train/Potato leaf early blight/f204d9b6516c961f48502e0b7ae3f746.jpg,train/Potato leaf early blight,0,Early Blight,0.8231578794427112,1,3.6393785e-06,0,0.021756846,0
/content/PlantDoc-Dataset/train/Potato leaf early blight/fac66s01a.jpg,train/Potato leaf early blight,0,Early Blight,0.9998442607690577,1,0.23466013,0,0.040603586,0
/content/PlantDoc-Dataset/train/Potato leaf early blight/fac66s01h.jpg,train/Potato leaf early blight,0,Early Blight,0.3553666052353208,0,0.069344275,0,0.18361203,0
/content/PlantDoc-Dataset/train/Potato leaf early blight/fi000294.jpg,train/Potato leaf early blight,0,Early Blight,0.00020804511457862208,0,3.6204256e-06,0,0.029621497,0
/content/PlantDoc-Dataset/train/Potato leaf early blight/home-design.jpg,train/Potato leaf early blight,0,Early Blight,0.7555187999763535,1,0.0028391154,0,0.049940187,0
/content/PlantDoc-Dataset/train/Potato leaf early blight/irish-blight-symptoms-on-potato-leaves-atmf8b.jpg,train/Potato leaf early blight,0,Early Blight,0.7051116175715936,1,0.00034848115,0,0.60718,0
/content/PlantDoc-Dataset/train/Potato leaf early blight/maxresdefault.jpg,train/Potato leaf early blight,0,Early Blight,0.9415781864803495,1,0.0020482382,0,0.20845835,0
/content/PlantDoc-Dataset/train/Potato leaf early blight/pe-mi-lateblightleaf.jpg,train/Potato leaf early blight,0,Early Blight,0.000861423850228375,0,0.0012618306,0,0.30812505,0
/content/PlantDoc-Dataset/train/Potato leaf early blight/potato-blight-damage-on-leaves-caused-by-fungus-phytophthora-picture-id505322893.jpg,train/Potato leaf early blight,0,Early Blight,0.9998366468192776,1,2.9980449e-05,0,0.5328025,0
/content/PlantDoc-Dataset/train/Potato leaf early blight/potato-blight-leaf.jpg,train/Potato leaf early blight,0,Early Blight,0.011902285898818149,0,0.27094352,0,0.72304803,1
/content/PlantDoc-Dataset/train/Potato leaf early blight/potato-blight-phytophora-infestans-close-up-of-infected-leaf-showing-A60HXN.jpg,train/Potato leaf early blight,0,Early Blight,0.046913071952235305,0,0.0022078343,0,0.15361111,0
/content/PlantDoc-Dataset/train/Potato leaf early blight/potato-blight-phytophora-infestans-close-up-of-infected-leaf-showing-a60hxn.jpg,train/Potato leaf early blight,0,Early Blight,0.7525207685310284,1,0.0008715691,0,0.13989617,0
/content/PlantDoc-Dataset/train/Potato leaf early blight/potato-blight-phytophora-infestans-close-up-of-infected-leaf-top-surface-a60hxg.jpg,train/Potato leaf early blight,0,Early Blight,0.0037184813134178004,0,1.722027e-05,0,0.07815017,0
/content/PlantDoc-Dataset/train/Potato leaf early blight/potato-blight-phytophthora-infestans-close-up-of-upper-surface-of-bmmrxd.jpg,train/Potato leaf early blight,0,Early Blight,0.40712789028554125,0,0.2883501,0,0.78831637,1
/content/PlantDoc-Dataset/train/Potato leaf early blight/potato-blight-phytophthora-infestans-showing-infected-leaf-top-surface-bmmrtd.jpg,train/Potato leaf early blight,0,Early Blight,0.004628323360865127,0,4.5693916e-05,0,0.90401953,1
/content/PlantDoc-Dataset/train/Potato leaf early blight/potato-blight-showing-on-potato-plant-leaves-KJ70DB.jpg,train/Potato leaf early blight,0,Early Blight,0.9999999992105386,1,9.164786e-06,0,0.21756007,0
/content/PlantDoc-Dataset/train/Potato leaf early blight/potato-early-blight-alternaria-alternata-discreet-lesions-on-a-potato-BY651F.jpg,train/Potato leaf early blight,0,Early Blight,0.9999732178246564,1,0.19293962,0,0.66526455,1
/content/PlantDoc-Dataset/train/Potato leaf early blight/potato-early-blight-alternaria-alternata-lesion-on-a-potato-leaf-X96EFD.jpg,train/Potato leaf early blight,0,Early Blight,0.18605152760257734,0,0.0006243861,0,0.19167596,0
/content/PlantDoc-Dataset/train/Potato leaf early blight/potato-early-blight-alternaria-alternata-lesions-on-a-potato-leaf-by650f.jpg,train/Potato leaf early blight,0,Early Blight,0.9999818466347457,1,8.2949635e-05,0,0.27067703,0
/content/PlantDoc-Dataset/train/Potato leaf early blight/potato-early-blight-alternaria-alternata-lesions-on-potato-leaf-XDF64E.jpg,train/Potato leaf early blight,0,Early Blight,0.9839452075537659,1,0.008498846,0,0.1649797,0
/content/PlantDoc-Dataset/train/Potato leaf early blight/potato-early-blight-alternaria-alternata-target-spot-lesion-on-a-potato-leaf-x63fwh.jpg,train/Potato leaf early blight,0,Early Blight,0.9999999912805656,1,0.11573804,0,0.9604001,1
/content/PlantDoc-Dataset/train/Potato leaf early blight/potato-early-blight-alternaria-alternata-target-spot-lesions-on-a-by64yw.jpg,train/Potato leaf early blight,0,Early Blight,0.9999999982406154,1,0.01673793,0,0.053252213,0
/content/PlantDoc-Dataset/train/Potato leaf early blight/potato-early-blight-lesion-on-a-potato-leaf-picture-id81781211.jpg,train/Potato leaf early blight,0,Early Blight,0.04051725894505339,0,0.0017872746,0,0.9949197,1
/content/PlantDoc-Dataset/train/Potato leaf early blight/potato_alternaria_03_zoom.jpg,train/Potato leaf early blight,0,Early Blight,0.0007110278404809658,0,0.0024303705,0,0.039276958,0
/content/PlantDoc-Dataset/train/Potato leaf early blight/potato_alternaria_04_zoom.jpg,train/Potato leaf early blight,0,Early Blight,0.0009895828796029824,0,0.99842536,1,0.631199,0
/content/PlantDoc-Dataset/train/Potato leaf early blight/potato_early-blight_01_zoom.jpg,train/Potato leaf early blight,0,Early Blight,0.09874224401113484,0,0.99979883,1,0.69016594,1
/content/PlantDoc-Dataset/train/Potato leaf early blight/potato_early-blight_02_zoom.jpg,train/Potato leaf early blight,0,Early Blight,0.991020769557135,1,0.9298585,1,0.3764448,0
/content/PlantDoc-Dataset/train/Potato leaf early blight/potato_early-blight_03_zoom.jpg,train/Potato leaf early blight,0,Early Blight,9.63153942345909e-06,0,6.416713e-11,0,0.034532752,0
/content/PlantDoc-Dataset/train/Potato leaf early blight/potato_early-blight_04_zoom.jpg,train/Potato leaf early blight,0,Early Blight,0.5369783683345912,0,0.8959671,1,0.97684664,1
/content/PlantDoc-Dataset/train/Potato leaf early blight/potato_early-blight_05_zoom.jpg,train/Potato leaf early blight,0,Early Blight,0.9871813630740734,1,1.1971655e-07,0,0.013080982,0
/content/PlantDoc-Dataset/train/Potato leaf early blight/potato_early-blight_06_zoom.jpg,train/Potato leaf early blight,0,Early Blight,0.9978684069334374,1,0.010168319,0,0.025725909,0
/content/PlantDoc-Dataset/train/Potato leaf early blight/potatoaltkc.jpg,train/Potato leaf early blight,0,Early Blight,0.9745041616401173,1,0.0019473614,0,0.6588573,1
/content/PlantDoc-Dataset/train/Potato leaf early blight/potatoearlyblight.jpg,train/Potato leaf early blight,0,Early Blight,0.9979591664903503,1,0.53529423,1,0.41918686,0
/content/PlantDoc-Dataset/train/Potato leaf early blight/potatoearlyblightcloseup_pdc.jpg,train/Potato leaf early blight,0,Early Blight,0.9999996093871635,1,1.4561964e-07,0,0.46942827,0
/content/PlantDoc-Dataset/train/Potato leaf early blight/potatolb_full_leafx1200.jpg,train/Potato leaf early blight,0,Early Blight,0.9980062423154257,1,0.07848033,0,0.5140788,0
/content/PlantDoc-Dataset/train/Potato leaf early blight/potatolb_small_leaf_lesionx1200.jpg,train/Potato leaf early blight,0,Early Blight,0.9963670993906997,1,0.046166625,0,0.87307066,1
/content/PlantDoc-Dataset/train/Potato leaf late blight/14321627273_58d893c3e2_b.jpg,train/Potato leaf late blight,1,Late Blight,0.19373233098230327,0,6.194461e-05,0,0.9727887,1
/content/PlantDoc-Dataset/train/Potato leaf late blight/22-late%20blight-advanced%20symptoms%20potato.jpg,train/Potato leaf late blight,1,Late Blight,0.9999999984633938,1,0.28896594,0,0.02265291,0
/content/PlantDoc-Dataset/train/Potato leaf late blight/24064_1.jpg,train/Potato leaf late blight,1,Late Blight,0.9327682048312563,1,1.2817516e-06,0,0.20537837,0
/content/PlantDoc-Dataset/train/Potato leaf late blight/24847793510_7859b46a3d.jpg,train/Potato leaf late blight,1,Late Blight,0.99722294576705,1,1.0692879e-09,0,0.19354363,0
/content/PlantDoc-Dataset/train/Potato leaf late blight/2619_600.jpg,train/Potato leaf late blight,1,Late Blight,0.9999381498250511,1,0.20413314,0,0.7215376,1
/content/PlantDoc-Dataset/train/Potato leaf late blight/286_1600.jpg,train/Potato leaf late blight,1,Late Blight,0.00047959338229150124,0,0.010315698,0,0.49264306,0
/content/PlantDoc-Dataset/train/Potato leaf late blight/2976_1600.jpg,train/Potato leaf late blight,1,Late Blight,0.9999874794334458,1,0.06332671,0,0.11167536,0
/content/PlantDoc-Dataset/train/Potato leaf late blight/3720946948_339251cc94_z.jpg,train/Potato leaf late blight,1,Late Blight,0.041995802145647854,0,2.5645761e-08,0,0.039014608,0
/content/PlantDoc-Dataset/train/Potato leaf late blight/3782849713_398f3a1086_b.jpg,train/Potato leaf late blight,1,Late Blight,0.9509736212317544,1,1.616658e-13,0,0.13569154,0
/content/PlantDoc-Dataset/train/Potato leaf late blight/39-late-blight-mold.jpg,train/Potato leaf late blight,1,Late Blight,0.9999980078714503,1,0.26835215,0,0.86260283,1
/content/PlantDoc-Dataset/train/Potato leaf late blight/4-late-blight-cmyk-opt.jpeg.jpg,train/Potato leaf late blight,1,Late Blight,2.793084593338093e-05,0,3.11984e-14,0,0.68848485,1
/content/PlantDoc-Dataset/train/Potato leaf late blight/4442_1600.jpg,train/Potato leaf late blight,1,Late Blight,0.9999999999856894,1,0.00024838894,0,0.6496824,1
/content/PlantDoc-Dataset/train/Potato leaf late blight/460_1600.jpg,train/Potato leaf late blight,1,Late Blight,0.9793776379366141,1,0.5373849,1,0.99289167,1
/content/PlantDoc-Dataset/train/Potato leaf late blight/6-13lateblightleavesMARY.jpg,train/Potato leaf late blight,1,Late Blight,0.007668738731394708,0,0.00031889847,0,0.10557249,0
/content/PlantDoc-Dataset/train/Potato leaf late blight/6a00d8341c4fe353ef011571354632970c-800wi.jpg,train/Potato leaf late blight,1,Late Blight,0.22189404590345443,0,0.019904407,0,0.9261887,1
/content/PlantDoc-Dataset/train/Potato leaf late blight/B2650062-Potato_late_blight-SPL.jpg,train/Potato leaf late blight,1,Late Blight,0.9759262738072728,1,0.00011524064,0,0.77068895,1
/content/PlantDoc-Dataset/train/Potato leaf late blight/B2750121-Potato_late_blight-SPL.jpg,train/Potato leaf late blight,1,Late Blight,0.025246705831886894,0,0.23040208,0,0.9517503,1
/content/PlantDoc-Dataset/train/Potato leaf late blight/Blog-3.jpg,train/Potato leaf late blight,1,Late Blight,0.33948938286421615,0,2.5822315e-08,0,0.21104929,0
/content/PlantDoc-Dataset/train/Potato leaf late blight/CzFxqKtWEAA4U3g.jpg,train/Potato leaf late blight,1,Late Blight,0.9829297400824314,1,0.0005385397,0,0.9510486,1
/content/PlantDoc-Dataset/train/Potato leaf late blight/IMG_0019.jpg,train/Potato leaf late blight,1,Late Blight,0.9991853640663751,1,0.4409811,1,0.966066,1
/content/PlantDoc-Dataset/train/Potato leaf late blight/IMG_5358.jpg,train/Potato leaf late blight,1,Late Blight,0.9999993660256892,1,2.726603e-07,0,0.8831947,1
/content/PlantDoc-Dataset/train/Potato leaf late blight/IMG_5390.jpg,train/Potato leaf late blight,1,Late Blight,0.20711719562714695,0,9.614523e-08,0,0.710424,1
/content/PlantDoc-Dataset/train/Potato leaf late blight/IMG_5813-1024x768.jpg,train/Potato leaf late blight,1,Late Blight,0.5913738881862582,0,0.07914718,0,0.8862312,1
/content/PlantDoc-Dataset/train/Potato leaf late blight/Jessore-potato-late-blight-8-2h2fdkl.jpg,train/Potato leaf late blight,1,Late Blight,0.9935279803760129,1,0.16071703,0,0.41546455,0
/content/PlantDoc-Dataset/train/Potato leaf late blight/LB_potato_leaf_topside.jpg,train/Potato leaf late blight,1,Late Blight,0.9998354104846583,1,1.5917572e-05,0,0.7070008,1
/content/PlantDoc-Dataset/train/Potato leaf late blight/Late+Blight+of+Potato+and+Tomato.jpg,train/Potato leaf late blight,1,Late Blight,0.76112337464265,1,0.010853398,0,0.373839,0
/content/PlantDoc-Dataset/train/Potato leaf late blight/Late+blight+on+potato.jpg,train/Potato leaf late blight,1,Late Blight,0.9997192409890219,1,0.016317327,0,0.14209774,0
/content/PlantDoc-Dataset/train/Potato leaf late blight/Late-Blight-336x437.jpg,train/Potato leaf late blight,1,Late Blight,0.04452401921801989,0,3.3600568e-07,0,0.5591371,0
/content/PlantDoc-Dataset/train/Potato leaf late blight/Late-Blight-56a34bc55f9b58b7d0d15210.jpg,train/Potato leaf late blight,1,Late Blight,0.0005639546440537402,0,0.06755219,0,0.91814363,1
/content/PlantDoc-Dataset/train/Potato leaf late blight/Late-blight-infected-potato-plants_2.jpg,train/Potato leaf late blight,1,Late Blight,0.9999240442154248,1,9.735522e-08,0,0.016584046,0
/content/PlantDoc-Dataset/train/Potato leaf late blight/Late-blight-leaves_261x240.jpg,train/Potato leaf late blight,1,Late Blight,0.6242054745224793,0,3.140151e-17,0,0.22866957,0
/content/PlantDoc-Dataset/train/Potato leaf late blight/Late-blight-on-leaf-email.jpg,train/Potato leaf late blight,1,Late Blight,2.770679436616293e-07,0,0.00055938185,0,0.1658881,0
/content/PlantDoc-Dataset/train/Potato leaf late blight/Late-blight.jpg,train/Potato leaf late blight,1,Late Blight,0.0013050726782015047,0,0.021847818,0,0.62452656,0
/content/PlantDoc-Dataset/train/Potato leaf late blight/LateBlight02.jpg,train/Potato leaf late blight,1,Late Blight,0.9859224482521214,1,0.0098660635,0,0.4838931,0
/content/PlantDoc-Dataset/train/Potato leaf late blight/LateBlight03.jpg,train/Potato leaf late blight,1,Late Blight,0.00017501264680327308,0,0.00028689866,0,0.2545822,0
/content/PlantDoc-Dataset/train/Potato leaf late blight/LateBlight13.jpg,train/Potato leaf late blight,1,Late Blight,0.9999999999997615,1,3.9925383e-09,0,0.15746757,0
/content/PlantDoc-Dataset/train/Potato leaf late blight/LateBlightFig3new.jpg,train/Potato leaf late blight,1,Late Blight,0.9999999995410906,1,1.116839e-07,0,0.90362036,1
/content/PlantDoc-Dataset/train/Potato leaf late blight/Late_blight_on_potato_leaf.jpg,train/Potato leaf late blight,1,Late Blight,0.9999975644064265,1,0.91332513,1,0.79019314,1
/content/PlantDoc-Dataset/train/Potato leaf late blight/Late_blight_on_potato_leaf_3-58bcf5055f9b58af5c27bf74.jpg,train/Potato leaf late blight,1,Late Blight,0.9999979021617906,1,0.14685127,0,0.5273356,0
/content/PlantDoc-Dataset/train/Potato leaf late blight/Lateblight.jpg,train/Potato leaf late blight,1,Late Blight,0.9995354966542549,1,1.7884716e-12,0,0.01308579,0
/content/PlantDoc-Dataset/train/Potato leaf late blight/Potato-Late-Blight-3-06202014.jpeg.jpg,train/Potato leaf late blight,1,Late Blight,0.680198776350616,0,0.0004060862,0,0.8078117,1
/content/PlantDoc-Dataset/train/Potato leaf late blight/Potato-late-blight-008.jpg,train/Potato leaf late blight,1,Late Blight,0.9999987645376036,1,0.00075233413,0,0.6720381,1
/content/PlantDoc-Dataset/train/Potato leaf late blight/Potato-late-blight-caused-by-Phytophthora-infestans_Q320.jpg,train/Potato leaf late blight,1,Late Blight,0.999999999694702,1,0.022511592,0,0.97345126,1
/content/PlantDoc-Dataset/train/Potato leaf late blight/Potato-late-blight-in-field-trial-1.jpg,train/Potato leaf late blight,1,Late Blight,0.9999179402011577,1,5.8091346e-06,0,0.28882182,0
/content/PlantDoc-Dataset/train/Potato leaf late blight/PotatoLateBlight2.jpg,train/Potato leaf late blight,1,Late Blight,0.9998229104369705,1,3.5431553e-05,0,0.17654169,0
/content/PlantDoc-Dataset/train/Potato leaf late blight/Symptom_potato_late_blight.jpg,train/Potato leaf late blight,1,Late Blight,8.261028659242304e-07,0,9.817333e-05,0,0.05647165,0
/content/PlantDoc-Dataset/train/Potato leaf late blight/White-mould-potato-blight.jpg,train/Potato leaf late blight,1,Late Blight,0.26415776509127953,0,0.01959369,0,0.9167492,1
/content/PlantDoc-Dataset/train/Potato leaf late blight/b3a52d4eda0deedc34260c4dee847a5b.jpg,train/Potato leaf late blight,1,Late Blight,0.980257527395443,1,0.33132386,0,0.49913758,0
/content/PlantDoc-Dataset/train/Potato leaf late blight/backus-056-potato-blight.jpg,train/Potato leaf late blight,1,Late Blight,0.619116329488918,0,3.6723662e-08,0,0.10692384,0
/content/PlantDoc-Dataset/train/Potato leaf late blight/blight-on-potato-leaves.jpg,train/Potato leaf late blight,1,Late Blight,0.9944523451138091,1,0.005275683,0,0.13970312,0
/content/PlantDoc-Dataset/train/Potato leaf late blight/cropped-symptom_potato_late_blight.jpg,train/Potato leaf late blight,1,Late Blight,4.6610901000900085e-06,0,0.0011136063,0,0.25887036,0
/content/PlantDoc-Dataset/train/Potato leaf late blight/d4fc0f56-da2e-4d7e-9a22-2430b562eeee.jpeg.jpg,train/Potato leaf late blight,1,Late Blight,0.001784764611809706,0,7.1375293e-06,0,0.373527,0
/content/PlantDoc-Dataset/train/Potato leaf late blight/dsc_8151s.jpg,train/Potato leaf late blight,1,Late Blight,0.999989993435707,1,0.028645854,0,0.1719054,0
/content/PlantDoc-Dataset/train/Potato leaf late blight/early_blight.jpg,train/Potato leaf late blight,1,Late Blight,0.9790198502854025,1,0.3453813,0,0.35984218,0
/content/PlantDoc-Dataset/train/Potato leaf late blight/fi000293.jpg,train/Potato leaf late blight,1,Late Blight,0.06625966219143972,0,5.7420057e-05,0,0.7991455,1
/content/PlantDoc-Dataset/train/Potato leaf late blight/fig1a_500.jpg,train/Potato leaf late blight,1,Late Blight,0.9975364605320866,1,0.06050061,0,0.69352025,1
/content/PlantDoc-Dataset/train/Potato leaf late blight/figure-7-gudmestad-opt.jpeg.jpg,train/Potato leaf late blight,1,Late Blight,0.999944669405061,1,9.203165e-06,0,0.22230634,0
/content/PlantDoc-Dataset/train/Potato leaf late blight/foliar_late_blight.jpg,train/Potato leaf late blight,1,Late Blight,0.029819364260822673,0,9.7835684e-05,0,0.7556637,1
/content/PlantDoc-Dataset/train/Potato leaf late blight/gcp_A-2_Late_Blight_of_potatoes_callout1.jpg,train/Potato leaf late blight,1,Late Blight,0.9948852802660618,1,8.717291e-06,0,0.3057263,0
/content/PlantDoc-Dataset/train/Potato leaf late blight/late-blight-leaf-figure1.jpg,train/Potato leaf late blight,1,Late Blight,0.9999995777065716,1,0.069363095,0,0.60260713,0
/content/PlantDoc-Dataset/train/Potato leaf late blight/late-blight-leaf.jpg,train/Potato leaf late blight,1,Late Blight,0.9997473341639705,1,0.9782185,1,0.14885855,0
/content/PlantDoc-Dataset/train/Potato leaf late blight/late-blight-leaves.jpg,train/Potato leaf late blight,1,Late Blight,0.1329116697526598,0,0.0003387546,0,0.06623238,0
/content/PlantDoc-Dataset/train/Potato leaf late blight/late-blight-lesions-potato-leaf-miller-research-809.jpg,train/Potato leaf late blight,1,Late Blight,0.00043259001001875265,0,0.5611934,1,0.90822357,1
/content/PlantDoc-Dataset/train/Potato leaf late blight/late-blight-midwest_twitter.jpg,train/Potato leaf late blight,1,Late Blight,0.001361813122911055,0,1.3033662e-06,0,0.52477264,0
/content/PlantDoc-Dataset/train/Potato leaf late blight/late-blight-on-potato-leaf-550.jpg,train/Potato leaf late blight,1,Late Blight,0.0013106601283131767,0,2.3969615e-05,0,0.42356542,0
/content/PlantDoc-Dataset/train/Potato leaf late blight/late-blight-potato.jpg,train/Potato leaf late blight,1,Late Blight,0.9600479653834314,1,2.2239064e-06,0,0.299452,0
/content/PlantDoc-Dataset/train/Potato leaf late blight/late.jpg,train/Potato leaf late blight,1,Late Blight,0.9407329020838293,1,0.0016444785,0,0.06163444,0
/content/PlantDoc-Dataset/train/Potato leaf late blight/late_blight.jpg,train/Potato leaf late blight,1,Late Blight,0.015395452424447726,0,0.035791185,0,0.023634706,0
/content/PlantDoc-Dataset/train/Potato leaf late blight/late_blight_potato_leaf_500.jpg,train/Potato leaf late blight,1,Late Blight,0.006998001858346351,0,0.024488887,0,0.34767824,0
/content/PlantDoc-Dataset/train/Potato leaf late blight/lateblight1.JPG.jpg,train/Potato leaf late blight,1,Late Blight,0.8098694921806705,1,0.017715733,0,0.99066937,1
/content/PlantDoc-Dataset/train/Potato leaf late blight/lateblight2.JPG.jpg,train/Potato leaf late blight,1,Late Blight,0.9425671380842059,1,0.012383353,0,0.99427795,1
/content/PlantDoc-Dataset/train/Potato leaf late blight/lateblight8.jpg,train/Potato leaf late blight,1,Late Blight,0.00040207292533548224,0,9.883602e-05,0,0.5039787,0
/content/PlantDoc-Dataset/train/Potato leaf late blight/lateblightleaf.jpg,train/Potato leaf late blight,1,Late Blight,0.9245799814978355,1,8.722966e-05,0,0.6088803,0
/content/PlantDoc-Dataset/train/Potato leaf late blight/lateblightlesions_1.jpg,train/Potato leaf late blight,1,Late Blight,0.06457157955408936,0,5.748898e-15,0,0.05051619,0
/content/PlantDoc-Dataset/train/Potato leaf late blight/lb4_l.jpg,train/Potato leaf late blight,1,Late Blight,0.11784490782880214,0,0.045365814,0,0.80247676,1
/content/PlantDoc-Dataset/train/Potato leaf late blight/lb7_l.jpg,train/Potato leaf late blight,1,Late Blight,0.24731818835568936,0,0.27731082,0,0.51717246,0
/content/PlantDoc-Dataset/train/Potato leaf late blight/phytophthora-infestans-late-blight-or-potato-blight-on-the-haulm-of-E29H6G.jpg,train/Potato leaf late blight,1,Late Blight,4.1361813963370615e-05,0,7.012709e-05,0,0.7043558,1
/content/PlantDoc-Dataset/train/Potato leaf late blight/phytophthora-infestans-late-blight-or-potato-blight-on-the-haulm-of-EHW1RD.jpg,train/Potato leaf late blight,1,Late Blight,0.9999999997731133,1,0.004266251,0,0.4639429,0
/content/PlantDoc-Dataset/train/Potato leaf late blight/phytophthora-infestans-potato-blight-first-foliar-symptoms-on-solanum-EJKRCK.jpg,train/Potato leaf late blight,1,Late Blight,0.9993134357553235,1,1.0173834e-09,0,0.26712638,0
/content/PlantDoc-Dataset/train/Potato leaf late blight/potato-blight-phytophora-infestans-close-up-of-infected-leaf-top-surface-A60HXG.jpg,train/Potato leaf late blight,1,Late Blight,0.06009562376687743,0,4.2156054e-05,0,0.07345297,0
/content/PlantDoc-Dataset/train/Potato leaf late blight/potato-late-blight-phytophthora-infestans-lesions-on-potato-foliage-X4XJF4.jpg,train/Potato leaf late blight,1,Late Blight,0.9988575787756744,1,0.13815859,0,0.2947115,0
/content/PlantDoc-Dataset/train/Potato leaf late blight/potato-late-blight-phytophthora-infestans-lesions-on-potato-foliage-a1w19k.jpg,train/Potato leaf late blight,1,Late Blight,0.9922544626069901,1,0.09572645,0,0.42963967,0
/content/PlantDoc-Dataset/train/Potato leaf late blight/potato-late-blight-phytophthora-infestans-necrotic-disease-lesions-B7DEW3.jpg,train/Potato leaf late blight,1,Late Blight,0.9999998618345451,1,0.027487816,0,0.7346585,1
/content/PlantDoc-Dataset/train/Potato leaf late blight/potato-late-blight-phytophthora-infestans-necrotic-disease-lesions-B7G2EC.jpg,train/Potato leaf late blight,1,Late Blight,0.9999940234078177,1,0.025274258,0,0.3795233,0
/content/PlantDoc-Dataset/train/Potato leaf late blight/potato-late-blight-symptom-on-leaves-PGB5H9.jpg,train/Potato leaf late blight,1,Late Blight,0.9986609248655581,1,0.72334516,1,0.1385812,0
/content/PlantDoc-Dataset/train/Potato leaf late blight/potato-late-blight-symptom-on-leaves-PGB5NJ.jpg,train/Potato leaf late blight,1,Late Blight,0.00213439953970394,0,0.95839256,1,0.18595298,0
/content/PlantDoc-Dataset/train/Potato leaf late blight/potato-solanum-tuberosum-late-blight.jpg,train/Potato leaf late blight,1,Late Blight,0.6216370653942108,0,0.0002840878,0,0.2463995,0
/content/PlantDoc-Dataset/train/Potato leaf late blight/potato_late-blight_02_zoom.jpg,train/Potato leaf late blight,1,Late Blight,0.00991500468370751,0,0.07574687,0,0.67969406,1
/content/PlantDoc-Dataset/train/Potato leaf late blight/potato_late-blight_05_zoom.jpg,train/Potato leaf late blight,1,Late Blight,0.5109241958907639,0,0.09521628,0,0.5401419,0
/content/PlantDoc-Dataset/train/Potato leaf late blight/potato_late-blight_07_zoom.jpg,train/Potato leaf late blight,1,Late Blight,0.04583612375733448,0,0.00016269513,0,0.9898835,1
/content/PlantDoc-Dataset/train/Potato leaf late blight/potato_late-blight_08_zoom.jpg,train/Potato leaf late blight,1,Late Blight,0.9979279455778068,1,0.99999225,1,0.90115076,1
/content/PlantDoc-Dataset/train/Potato leaf late blight/potato_ocw_botrytis-lateblight.jpg,train/Potato leaf late blight,1,Late Blight,6.105695218795974e-05,0,0.0003839942,0,0.736448,1
/content/PlantDoc-Dataset/train/Potato leaf late blight/potato_ocw_lateblight-earlyblight.jpg,train/Potato leaf late blight,1,Late Blight,0.07666118824833443,0,0.07295877,0,0.9558335,1
/content/PlantDoc-Dataset/train/Potato leaf late blight/potatolb_branchx500.jpg,train/Potato leaf late blight,1,Late Blight,0.9996222211840987,1,0.047947414,0,0.3973609,0
/content/PlantDoc-Dataset/train/Potato leaf late blight/potatolb_symptoms_meg-cornell_300x225.jpg,train/Potato leaf late blight,1,Late Blight,0.9992285548876382,1,0.084031634,0,0.7743785,1
/content/PlantDoc-Dataset/train/Potato leaf late blight/potatolb_upper_leafcux1200.jpg,train/Potato leaf late blight,1,Late Blight,0.9928753803827229,1,0.32457563,0,0.820829,1
/content/PlantDoc-Dataset/train/Potato leaf late blight/wur-late-blight-in-potato-809.jpg,train/Potato leaf late blight,1,Late Blight,0.9999999999907505,1,0.0051029325,0,0.29691434,0
/content/PlantDoc-Dataset/test/Potato leaf early blight/3023.jpg,test/Potato leaf early blight,0,Early Blight,0.0025811419639449437,0,1.9654717e-05,0,0.2508732,0
/content/PlantDoc-Dataset/test/Potato leaf early blight/backus-056-potato-blight.jpg,test/Potato leaf early blight,0,Early Blight,0.619116329488918,0,3.6723662e-08,0,0.10692384,0
/content/PlantDoc-Dataset/test/Potato leaf early blight/early-blight-alternaria-alternata-leaf-spotting-on-potato-leaf-X91XJE.jpg,test/Potato leaf early blight,0,Early Blight,0.09010594670459818,0,0.01518214,0,0.06537607,0
/content/PlantDoc-Dataset/test/Potato leaf early blight/early-blight-or-target-spot-alternaria-solani-lesions-on-a-tomato-AXK6AY.jpg,test/Potato leaf early blight,0,Early Blight,0.7846811129204944,1,0.013991281,0,0.32965878,0
/content/PlantDoc-Dataset/test/Potato leaf early blight/earlyblightpotato.jpg,test/Potato leaf early blight,0,Early Blight,8.728082963379665e-08,0,1.3061896e-12,0,0.6469056,1
/content/PlantDoc-Dataset/test/Potato leaf early blight/potato-blight-phytophthora-infestans-close-up-of-upper-surface-of-BMMRXC.jpg,test/Potato leaf early blight,0,Early Blight,0.9990962747766866,1,3.6693007e-05,0,0.95094585,1
/content/PlantDoc-Dataset/test/Potato leaf early blight/potato-early-blight-alternaria-alternata-lesion-on-a-potato-leaf-a1w1em.jpg,test/Potato leaf early blight,0,Early Blight,0.034017742572237906,0,0.0003254144,0,0.14297639,0
/content/PlantDoc-Dataset/test/Potato leaf early blight/potatobd001.jpg,test/Potato leaf early blight,0,Early Blight,0.0005226020298661519,0,0.07689108,0,0.020320864,0
/content/PlantDoc-Dataset/test/Potato leaf late blight/1421_0.jpeg?itok=FMtmgePj.jpg,test/Potato leaf late blight,1,Late Blight,0.9998359638070867,1,0.00038756,0,0.81236374,1
/content/PlantDoc-Dataset/test/Potato leaf late blight/20090710-lateblight.jpg,test/Potato leaf late blight,1,Late Blight,0.007104709588748042,0,0.004625861,0,0.9830467,1
/content/PlantDoc-Dataset/test/Potato leaf late blight/2540_600.jpg,test/Potato leaf late blight,1,Late Blight,0.0005017939284056476,0,0.0010212838,0,0.85098064,1
/content/PlantDoc-Dataset/test/Potato leaf late blight/5816740026_d42ef24413_Phytophthora-Infestans.jpg,test/Potato leaf late blight,1,Late Blight,0.02285516742158392,0,1.5341328e-07,0,0.7443361,1
/content/PlantDoc-Dataset/test/Potato leaf late blight/B2750109-Late_blight_on_a_potato_plant-SPL.jpg,test/Potato leaf late blight,1,Late Blight,0.9999789362347471,1,5.1292304e-09,0,0.59906083,0
/content/PlantDoc-Dataset/test/Potato leaf late blight/LateBlight04.jpg,test/Potato leaf late blight,1,Late Blight,0.9999999999980014,1,0.003100422,0,0.24296296,0
/content/PlantDoc-Dataset/test/Potato leaf late blight/irish-blight-symptoms-on-potato-leaves-atmf8b.jpg,test/Potato leaf late blight,1,Late Blight,0.7051116175715921,1,0.00034848115,0,0.60718,0
/content/PlantDoc-Dataset/test/Potato leaf late blight/potato-late-blight.jpg,test/Potato leaf late blight,1,Late Blight,0.4679401989937914,0,9.408838e-05,0,0.81164455,1
